{
  "val_relative_l2": 0.3559291958808899,
  "epochs": 1500,
  "modes": 24,
  "width": 128,
  "grid_size": 64,
  "n_train": 1700,
  "training_time_s": 521.7212004080011,
  "data_source": "QLKNN-MLP oracle spatial pairs"
}