{
  "test_relative_l2": 0.09494006009679748,
  "val_relative_l2": 0.09735858465686961,
  "train_relative_l2": 0.09335074503728795,
  "best_val_mse": 0.0025821028744543078,
  "epochs_run": 950,
  "training_time_s": 13667.342603944242,
  "platform": "GPU",
  "hidden_dims": [
    512,
    256,
    128
  ],
  "data_source": "QLKNN-10D (Zenodo DOI 10.5281/zenodo.3497066)"
}