{
  "test_relative_l2": 0.2012012780283069,
  "val_relative_l2": 0.19449205465044478,
  "train_relative_l2": 0.1308530976668255,
  "best_val_mse": 37.91050533294146,
  "epochs_run": 482,
  "training_time_s": 4895.192491711,
  "platform": "GPU",
  "hidden_dims": [
    1024,
    512,
    256
  ],
  "data_source": "QLKNN-10D (Zenodo DOI 10.5281/zenodo.3497066)"
}